372.483742452227,35034.4975728262,1211.30290100251,436.531739784778,-1129.90918136705,46.997390461899917070.0178008313,38.572151184082,913.737182617188
372.663742448203,34830.9734066101,1211.98809269313,437.129796916881,-1130.41261381734,46.675974670686516991.82420709,38.5721473693848,913.726135253906
372.84374244418,34627.4345412245,1212.59839538951,437.727934812809,-1130.83558645178,46.586310652627816913.5309486447,38.5721435546875,913.714721679688
373.023742440157,34423.8911098717,1213.18489535599,438.342171705989,-1131.22664874197,46.730738422054616835.134326094,38.5721397399902,913.703002929688
373.203742436133,34220.3488047309,1213.75193840439,438.965276170044,-1131.59323712073,47.11301310298816756.6317447442,38.572135925293,913.690795898438
373.38374243211,34016.8107924918,1214.3082503635,439.591665298316,-1131.94686036983,47.738449155866716678.0257745188,38.5721282958984,913.678344726563
373.563742428087,33813.2730415398,1214.90904360722,440.230468600291,-1132.34319830809,48.608084313667316599.3125155064,38.5721244812012,913.665405273438
373.743742424063,33609.7184124403,1215.54932343973,440.853840609514,-1132.78773339696,49.706154526111716520.4931386962,38.5721206665039,913.652160644531
373.92374242004,33406.129595275,1216.21920371762,441.439061780142,-1133.27874162811,51.017691662249816441.5732015646,38.5721168518066,913.638305664063
374.103742416017,33202.4920262136,1216.88524787051,441.955228841371,-1133.79243346596,52.527471483146716362.5615128237,38.5721092224121,913.624145507813
374.283742411993,32998.7860558741,1217.58906425768,442.421211794576,-1134.36616696467,54.206933322653116283.467447033,38.5721054077148,913.609436035156
374.46374240797,32794.9876008136,1218.3357329627,442.840725644942,-1135.00398674366,56.027819196194716204.3014549322,38.5721015930176,913.594299316406
374.643742403947,32591.060198254,1219.17803679016,443.035208195276,-1135.83224540021,57.944283676645716125.0832769266,38.5720977783203,913.578674316406
374.823742399924,32386.9500946756,1220.19475637371,443.176254240482,-1136.86852852882,59.898010172502216045.8385515618,38.5720901489258,913.562438964844
375.0037423959,32182.6115353806,1221.3239474481,443.235332332412,-1138.05739081224,61.841535882782615966.5783788265,38.5720863342285,913.545776367188
375.183742391877,31978.0100693926,1222.47572358879,443.161750259436,-1139.32197287287,63.700116856457515887.3149349226,38.5720825195313,913.528442382813
375.363742387854,31773.1291927276,1223.59035437892,442.968675326464,-1140.59287566101,65.405144340364715808.0724133684,38.572078704834,913.510498046875
375.54374238383,31567.9756401861,1224.60242209094,442.691427809159,-1141.78605348607,66.925925280582515728.8665492933,38.5720748901367,913.492004394531
375.723742379807,31362.5721182516,1225.54901530424,442.39037357333,-1142.9178213165,68.286926646352115649.7063139724,38.5720672607422,913.472900390625
375.903742375784,31156.9390739761,1226.43242574243,442.068666390881,-1143.98941826743,69.52406632314415570.5974855241,38.5720634460449,913.453186035156
376.08374237176,30951.0952776261,1227.24899003028,441.712131163187,-1145.0023915755,70.669630282269815491.5437021361,38.5720596313477,913.432739257813
376.263742367737,30745.0557609415,1228.00031838866,441.309250690555,-1145.96288212908,71.74969952899915412.5549437127,38.5720558166504,913.41162109375
376.423742364161,30538.8334782487,1228.68759146565,440.840353055865,-1146.87967134274,72.783475600104815333.638128926,38.5720481872559,913.389831542969
376.62374235969,30332.4370933939,1229.30871720005,440.265163765935,-1147.76587671798,73.780925671992315254.8090185992,38.5720443725586,913.367309570313
376.803742355667,30125.8726711748,1229.86681115421,439.572975660078,-1148.62873560084,74.742916633130215176.0882305378,38.5720405578613,913.344116210938
376.983742351644,29919.1430424517,1230.36268016005,438.751068498276,-1149.4737163686,75.661602020087615097.4960378743,38.5720367431641,913.320068359375
377.16374234762,29712.2510052277,1230.79717177426,437.801850526555,-1150.30049018639,76.521478605715415019.0526334107,38.5720291137695,913.295288085938
377.343742343597,29505.1993296742,1231.16666938762,436.722168791754,-1151.10603990112,77.300066226744214940.7791626625,38.5720252990723,913.269653320313
377.523742339574,29297.9900633218,1231.46603622495,435.504400097972,-1151.88737117432,77.964917330079214862.6989847606,38.572021484375,913.2431640625
377.70374233555,29090.6261449428,1231.69037502861,434.135309882747,-1152.6437926138,78.475887821686414784.8362565529,38.5720176696777,913.2158203125
377.883742331527,28883.1103142034,1231.85481400239,432.66543689105,-1153.37197057182,78.78807106247414707.2114646033,38.5720100402832,913.1875
378.063742327504,28675.445792187,1231.99567335918,431.195086565326,-1154.07284713646,78.858117345738814629.8341794142,38.5720062255859,913.158264160156
378.243742323481,28467.6335514132,1232.13132056221,429.753813298403,-1154.7550610696,78.649560941605414552.6989173393,38.5720024108887,913.1279296875
378.423742319457,28259.6728161359,1232.27598327211,428.360618710597,-1155.42688184373,78.135151847699214475.8018497223,38.5719985961914,913.096618652344
378.603742315434,28051.5604168847,1232.44450664997,427.05384839365,-1156.09016626899,77.298774308963114399.1314299721,38.5719909667969,913.064331054688
378.783742311411,27843.2922040084,1232.65030790175,425.889318441572,-1156.73898093202,76.142591919613714322.6670731566,38.5719871520996,913.030883789063
378.963742307387,27634.8656122666,1232.914711216,424.923472941005,-1157.37579345544,74.684174426203414246.3810378842,38.5719833374023,912.996337890625
379.143742303364,27426.2643704265,1233.43157814771,424.237414904653,-1158.17791110302,72.968849473431814170.2297391086,38.5719757080078,912.960571289063
379.303742299788,27217.4653568733,1234.04757062821,423.700374253023,-1159.03037036621,71.068635019296814094.1789666751,38.5719718933105,912.923583984375
379.503742295317,27008.4791026758,1234.6753926484,423.343231876393,-1159.82922589316,69.088326421922514018.204791591,38.5719680786133,912.885375976563
379.683742291294,26799.3399908142,1235.22919560477,423.14415101731,-1160.49135849184,67.150746300613313942.2812229059,38.571964263916,912.845703125
379.863742287271,26590.1040082136,1235.62721238727,423.052819552536,-1160.94828474855,65.381342259349313866.3874343267,38.5719566345215,912.804809570313
380.043742283247,26380.8352693105,1235.77292888044,422.956316132793,-1161.13853023536,63.859542806125913790.5192209241,38.5719528198242,912.762512207031
380.223742279224,26171.590676046,1235.74678437972,423.037014273495,-1161.08130622251,62.604632507286613714.6652177823,38.571949005127,912.718688964844
380.403742275201,25962.4305415135,1235.54408279851,423.278896456851,-1160.77739310889,61.650258745844213638.7905496902,38.5719451904297,912.673522949219
380.583742271177,25753.404631488,1235.17068008393,423.607993227135,-1160.25983168128,61.014526703676813562.8740809917,38.5719375610352,912.626708984375
380.763742267154,25544.5535463225,1234.67038462843,423.989552248283,-1159.58777945562,60.705239524687113486.9047061137,38.5719337463379,912.578308105469
380.943742263131,25335.8811295833,1234.29707174271,424.455146491894,-1159.01988331916,60.697966203543113410.8712990405,38.5719299316406,912.528259277344
381.123742259108,25127.3386380756,1234.172159726,424.997199953621,-1158.68818060526,60.931255489408213334.7534409478,38.5719223022461,912.476623535156
381.303742255084,24918.874217377,1234.15394344122,425.482476143766,-1158.49066401334,61.321479345787913258.546949599,38.5719184875488,912.423156738281
381.483742251061,24710.4471305246,1234.16520264648,425.852114155518,-1158.36683494163,61.761796660166713182.2636173801,38.5719146728516,912.367797851563
381.663742247038,24502.0308031198,1234.17355474249,426.116853765547,-1158.2783733467,62.168318671958413105.9227320445,38.5719108581543,912.310546875
381.843742243014,24293.6130231181,1234.15540198185,426.305879209978,-1158.18947223327,62.495595744459113029.5360638434,38.5719032287598,912.251403808594
382.023742238991,24085.1947662355,1234.09448615524,426.448061903532,-1158.07221331724,62.730753318201612953.1146863245,38.5718994140625,912.190185546875
382.203742234968,23876.7850909242,1233.97880048542,426.566575521602,-1157.90527967326,62.88010292912876.6665688685,38.5718955993652,912.126892089844
382.383742230944,23668.397295923,1233.80003438261,426.672767421346,-1157.67563435685,62.96074613265412800.1917114397,38.5718879699707,912.061401367188
382.563742226921,23460.0482281866,1233.55184849531,426.780909319117,-1157.37125347356,62.994293085476512723.6935719094,38.5718841552734,911.99365234375
382.743742222898,23251.7572256606,1233.23057912811,426.905368685257,-1156.98291581352,63.004552925927912647.1716205162,38.5718803405762,911.923583984375
382.923742218874,23043.5428663781,1232.83654099896,427.046294017077,-1156.51087309569,63.011698311370412570.6212005715,38.5718765258789,911.851135253906
383.103742214851,22835.4225641228,1232.37204372986,427.195577619217,-1155.96054977214,63.028870586442512494.0409253356,38.5718688964844,911.776123046875
383.283742210828,22627.4109409638,1231.8400036205,427.340591726428,-1155.33969601267,63.06236810517912417.4311672724,38.5718650817871,911.698669433594
383.463742206804,22419.5203200858,1231.24277573439,427.467606398197,-1154.65588738738,63.112544282135412340.7937246125,38.5718612670898,911.618347167969
383.643742202781,22211.760142725,1230.58132563202,427.564448594248,-1153.91465944954,63.175430934302112264.1332840552,38.5718536376953,911.535400390625
383.823742198758,22004.1395956194,1229.85472582195,427.623469398394,-1153.11786693567,63.244823872400412187.4539933752,38.571849822998,911.449523925781
384.003742194735,21796.667998272,1229.06055522417,427.641917220439,-1152.26396239923,63.315060238370912110.7662651502,38.5718460083008,911.360717773438
384.183742190711,21589.3545647571,1228.19551358788,427.620388411497,-1151.34921853111,63.382016130654212034.0744412813,38.5718421936035,911.268859863281
384.363742186688,21382.2105172053,1227.25589268472,427.561435936028,-1150.36874289494,63.443297403285111957.3871856629,38.571834564209,911.173889160156
384.543742182665,21175.2479201639,1226.23798793317,427.468276786788,-1149.3173954097,63.497763185678211880.7107010397,38.5718307495117,911.07568359375
384.723742178641,20968.4802539246,1225.13818277332,427.344320281551,-1148.19005343724,63.545173770529211804.0497269155,38.5718269348145,910.973937988281
384.903742174618,20761.9211553158,1223.95297114783,427.192743556921,-1146.9817938546,63.585962321644111727.4106823174,38.5718193054199,910.868713378906
385.083742170595,20555.5860208254,1222.67909207046,427.015920193702,-1145.68824995605,63.620701455566811650.7991884306,38.5718154907227,910.759948730469
385.263742166571,20349.4909354178,1221.31338802919,426.815857891245,-1144.30529808784,63.649855780069511574.2180364302,38.5718116760254,910.647338867188
385.443742162548,20143.6518429555,1219.85284806982,426.593942650953,-1142.82919941589,63.67380518452311497.672186764,38.5718040466309,910.530822753906
385.623742158525,19938.0861569894,1218.29449839449,426.351306600269,-1141.25634639135,63.692850997544211421.1640151718,38.5718002319336,910.410461425781
385.803742154501,19732.8119811481,1216.63539743494,426.088900989688,-1139.58323028425,63.707240392316711344.6994607688,38.5717964172363,910.285949707031
385.983742150478,19527.8471209193,1214.87264357651,425.807440439407,-1137.80647026505,63.717271128565611268.2815569988,38.5717887878418,910.157165527344
386.163742146455,19323.2109095156,1213.0033299644,425.507668399904,-1135.92266578213,63.723228092789111191.9120735439,38.5717849731445,910.024047851563
386.343742142431,19118.9229513705,1211.02461387498,425.19017261641,-1133.92853942454,63.725487078375911115.5946227652,38.5717811584473,909.886352539063
386.503742138855,18915.0037411954,1208.93375857302,424.855348858298,-1131.8209951949,63.724499487037811039.3338703666,38.5717735290527,909.744079589844
386.703742134385,18711.4735256871,1206.72814333051,424.503356188279,-1129.59714610599,63.720675042968110963.1308515525,38.5717697143555,909.596984863281
386.883742130362,18508.3538189903,1204.40531606698,424.134084937791,-1127.2543827213,63.714398143344710886.9906214228,38.5717658996582,909.445007324219
387.063742126338,18305.6665670834,1201.96296945889,423.7472524275,-1124.79031201846,63.70595574620210810.915178924,38.5717620849609,909.288024902344
387.243742122315,18103.4332595821,1199.39898200332,423.342305800239,-1122.20283823841,63.695685738587910734.9065688251,38.5717544555664,909.126037597656
387.423742118292,17901.6766837435,1196.71146162533,422.918371473291,-1119.49022928109,63.683840366408310658.970522629,38.5717506408691,908.958740234375
387.603742114268,17700.4197316328,1193.89871618327,422.474327100444,-1116.65105894594,63.670507708972910583.1089757532,38.5717468261719,908.786071777344
387.783742110245,17499.6847406728,1190.95919919376,422.009117343478,-1113.68403015542,63.65570804241610507.3255403662,38.5717391967773,908.608032226563
387.963742106222,17299.4951552283,1187.89157654036,421.521809551577,-1110.58802518662,63.639525083213510431.6242579562,38.5717353820801,908.42431640625
388.143742102198,17099.8743086997,1184.69482781461,421.011250322613,-1107.36234456138,63.622317058890810356.0085300481,38.5717315673828,908.234985351563
388.323742098175,16900.8459980702,1181.36806686707,420.477759968251,-1104.00587081108,63.604658095190210280.4853620686,38.5717239379883,908.039978027344
388.503742094152,16702.4338984294,1177.91055563023,419.925973186222,-1100.51599448109,63.588666778140610205.0544127407,38.571720123291,907.839050292969
388.683742090128,16504.6625445476,1174.32288962009,419.354529890004,-1096.89380860063,63.575995327516510129.7236520468,38.5717163085938,907.632263183594
388.863742086105,16307.555917548,1170.60584317454,418.761088398321,-1093.14097485998,63.567081077109810054.4924203501,38.5717086791992,907.419494628906
389.043742082082,16111.1368836425,1166.76040466314,418.143005768174,-1089.25950471725,63.56187086836359979.36882349289,38.571704864502,907.200744628906
389.223742078058,15915.4285443034,1162.78770306154,417.497978451637,-1085.25143647909,63.55986163462719904.35452625876,38.5717010498047,906.975830078125
389.403742074035,15720.4533216152,1158.68902649571,416.823869058655,-1081.11892144414,63.56033656403339829.45568447084,38.5716934204102,906.744873046875
389.583742070012,15526.233596134,1154.46582961007,416.118717084469,-1076.86422776005,63.56261754296749754.67821141351,38.5716896057129,906.5078125
389.763742065988,15332.7905143891,1150.11966901338,415.380951158703,-1072.48958897787,63.56600904275329680.02809922115,38.5716857910156,906.264526367188
389.943742061965,15140.1455751536,1145.65221359253,414.609344499372,-1067.99723125262,63.56980971937889605.51078866113,38.5716781616211,906.015075683594
372.127851231955,35449.7032959452,1214.83410136255,437.244334390576,-1133.41928952912,47.097114776538617241.4757113979,38.6463813781738,913.758850097656
372.367851226591,35177.4327658452,1215.84640257461,438.018037255272,-1134.20574575015,46.568735606157317137.0299903643,38.6463737487793,913.74365234375
372.627851220779,34882.3941105511,1216.86553592651,438.901181297878,-1134.95704129321,46.407534398482617023.6759971931,38.6463661193848,913.727722167969
372.887851214968,34587.2789381705,1217.92382157462,439.82617002965,-1135.73384880261,46.658723764129516910.094251597,38.6463623046875,913.711181640625
373.147851209156,34292.0548008494,1218.9415250088,440.722798559755,-1136.47782918121,47.226991669865916796.2842810241,38.646354675293,913.693725585938
373.407851203345,33996.7313961284,1219.93065739085,441.607511389878,-1137.19550417951,48.107977669645316682.2529207384,38.6463470458984,913.675659179688
373.667851197533,33701.273773185,1221.02804844457,442.488643538675,-1138.03044573845,49.243321738173316567.9981623668,38.6463394165039,913.656677246094
373.927851191722,33405.6269903239,1222.18925518229,443.335992152424,-1138.94678257822,50.550022166432316453.5263883346,38.6463356018066,913.636779785156
374.18785118591,33109.7533613294,1223.39636953144,444.129951480322,-1139.93300819863,51.971712550187716338.844530071,38.6463279724121,913.615966796875
374.447851180099,32813.614972882,1224.64942336799,444.883257288301,-1140.98426699937,53.443695675555216223.9670132116,38.6463203430176,913.594116210938
374.707851174288,32517.1787251029,1225.93782466206,445.586770741411,-1142.09280694582,54.8975379490616108.9000232584,38.646312713623,913.571105957031
374.967851168476,32220.3891778206,1227.31272927914,446.061969958608,-1143.38324913708,56.203405025446715993.671968622,38.6463088989258,913.547119140625
375.227851162665,31923.1438786164,1228.76268725377,446.264801876837,-1144.86045795675,57.172366330966115878.3507610765,38.6463012695313,913.521911621094
375.487851156853,31625.4334477196,1230.15670082455,446.438851072533,-1146.28873362543,57.788280898916915762.9708119739,38.6462936401367,913.495422363281
375.747851151042,31327.306076115,1231.45519841744,446.59833349537,-1147.62007399161,58.155828595794115647.5338482922,38.6462860107422,913.467712402344
376.00785114523,31028.805862139,1232.67060354946,446.736036640331,-1148.87063258744,58.358015797258915532.0433775207,38.6462783813477,913.438659667969
376.267851139419,30729.9634849811,1233.80891414963,446.861170517696,-1150.04327349828,58.439754676925815416.5059743203,38.6462745666504,913.408081054688
376.507851134054,30430.8062891401,1234.87869351431,446.985895216702,-1151.14247474973,58.432432260936715300.9189615831,38.6462669372559,913.376098632813
376.787851127796,30131.3497216571,1235.9036843242,447.118882308152,-1152.19035840856,58.332500403295715185.281972012,38.6462593078613,913.342651367188
377.027851122431,29831.5925234053,1236.89763379975,447.266531438625,-1153.1992049747,58.085118365775415069.5917155586,38.6462516784668,913.3076171875
377.307851116173,29531.5240740124,1237.85331240458,447.4506026902,-1154.15284134432,57.596554380765714953.8359112953,38.6462440490723,913.270812988281
377.567851110362,29231.142973695,1238.74779000366,447.812889251984,-1154.97173275312,56.775383861155214837.9948494954,38.646240234375,913.232238769531
377.82785110455,28930.5049100919,1239.47251880357,448.616733964832,-1155.43721200072,55.611754733401414721.9841667276,38.6462326049805,913.191772460938
378.087851098739,28629.7151004542,1240.01425774499,449.752899311837,-1155.57677761863,54.176417274315614605.7008240369,38.6462249755859,913.149353027344
378.347851092927,28328.8607609728,1240.35600321,451.154146472447,-1155.39731297065,52.524568405456614489.0767357946,38.6462173461914,913.104858398438
378.607851087116,28028.045548493,1240.44621371474,452.867953848385,-1154.82354734237,50.721264790291114372.0390640951,38.6462097167969,913.058288574219
378.867851081304,27727.4094565297,1240.21236662275,454.989070618574,-1153.73812450731,48.864119777752914254.5016837455,38.6462059020996,913.009460449219
379.127851075493,27427.1402282612,1239.58596567686,457.580007463837,-1152.03901976992,47.094175771840914136.352696205,38.6461982727051,912.958374023438
379.387851069681,27127.4522970747,1238.5341284927,460.627394534098,-1149.6909110043,45.566203282814114017.4759141581,38.6461906433105,912.904846191406
379.64785106387,26828.5671319738,1237.06345050131,464.079621150048,-1146.71534645676,44.436428506318513897.7620057544,38.646183013916,912.848754882813
379.907851058058,26530.6821686681,1235.24402030843,467.835329077799,-1143.22259187544,43.833381219960213777.1217355054,38.6461753845215,912.790100097656
380.167851052247,26233.9348816266,1233.20532487901,471.76320824696,-1139.40109208938,43.825954709132813655.4928636401,38.646167755127,912.728820800781
380.427851046436,25938.3789334316,1231.10866126108,475.712782468009,-1135.48486754716,44.407884960221713532.8515465669,38.6461601257324,912.664733886719
380.687851040624,25643.9756328622,1229.10527519945,479.527011793472,-1131.70385811994,45.48823709731313409.2104442699,38.6461563110352,912.597778320313
380.947851034813,25350.6107880408,1227.29314605042,483.073289843931,-1128.22367595335,46.905288855824313284.6157077808,38.6461486816406,912.527770996094
381.207851029001,25058.1298092632,1225.70633962523,486.251086385944,-1125.12928678707,48.461678239953613159.1481188451,38.6461410522461,912.454528808594
381.46785102319,24766.3719729269,1224.30635557617,489.048251091774,-1122.38935330316,49.948229993130113032.9005288491,38.6461334228516,912.3779296875
381.727851017378,24475.2221647929,1222.99956783451,491.568480814432,-1119.86087153414,51.204754925767912905.9513610289,38.646125793457,912.2978515625
381.987851011567,24184.615604762,1221.71163013332,493.893086657798,-1117.42960680065,52.115665652925712778.3577798163,38.6461181640625,912.214050292969
382.247851005755,23894.525425856,1220.38108598539,496.097842339293,-1114.99637930227,52.603464915984512650.1593594656,38.646110534668,912.126403808594
382.507850999944,23604.9506774722,1218.94650798681,498.282718736725,-1112.44996361256,52.594206264462912521.3715186304,38.6461029052734,912.034851074219
382.767850994132,23315.9284103345,1217.33177337772,500.601387788202,-1109.63728173646,52.045959855958612391.9794663266,38.6460990905762,911.939147949219
383.027850988321,23027.5538683832,1215.45096753167,503.212620866429,-1106.38967487699,50.992537447762412261.9301294756,38.6460914611816,911.839050292969
383.28785098251,22739.9699508678,1213.20415151127,506.259991052917,-1102.52670475743,49.490976582826812131.1308960411,38.6460838317871,911.734436035156
383.547850976698,22453.3815497113,1210.46419694855,509.885840792607,-1097.83423222885,47.643913790391311999.4579943961,38.6460762023926,911.625183105469
383.807850970887,22168.0839017294,1207.05357052705,514.281683325165,-1092.01312827198,45.628879680859711866.7436628621,38.646068572998,911.51123046875
384.067850965075,21884.4945714409,1202.80316962664,519.581951826545,-1084.79033006384,43.7328953729811732.7743651182,38.6460609436035,911.392517089844
384.327850959264,21603.0859193997,1197.71872892242,525.649140829998,-1076.20775613086,42.279093390203111597.3367197159,38.646053314209,911.26904296875
384.587850953452,21324.2603604821,1192.00325247327,532.195030907482,-1066.60217653268,41.507568385144511460.2757364282,38.6460456848145,911.140625
384.847850947641,21048.2497840151,1186.01614072454,538.850063194575,-1056.53911212711,41.507133011581911321.5111265456,38.6460380554199,911.007263183594
385.107850941829,20775.0592224784,1180.13637547922,545.242826480496,-1046.62893372045,42.173717842423411181.0645864079,38.6460304260254,910.868713378906
385.367850936018,20504.4942789227,1174.61523314722,551.068501195679,-1037.32562531321,43.236670512110411039.0363201759,38.6460227966309,910.724853515625
385.607850930654,20236.2556466628,1169.47821170136,556.230061621896,-1028.73096881172,44.329500703050510895.5823964628,38.6460151672363,910.575622558594
385.867850924842,19970.1017951928,1164.55685084726,560.91265070869,-1020.57320028023,45.155886376404410750.8452688795,38.6460075378418,910.420776367188
386.147850918584,19705.9057542896,1159.6798710615,565.305512639226,-1012.5646057042,45.531160371887610604.9171621373,38.6459999084473,910.260009765625
386.407850912772,19443.6354392031,1154.68251047081,569.607787493548,-1004.40961186852,45.342625194138110457.8439039482,38.6459922790527,910.093383789063
386.667850906961,19183.3621679973,1149.39108925966,574.05038403468,-995.774087159904,44.564482682287210309.6220088163,38.6459884643555,909.920593261719
386.927850901149,18925.269039033,1143.61990785598,578.864421670383,-986.297356261662,43.25687820177510160.1827414072,38.6459808349609,909.741760253906
387.187850895338,18669.6604334358,1137.17888511643,584.232546463833,-975.627053954033,41.575064311075310009.413421861,38.6459732055664,909.556884765625
387.447850889526,18416.9537449572,1129.88910751673,590.272665096313,-963.44567886573,39.74393569186079857.15767425536,38.6459655761719,909.366088867188
387.707850883715,18167.6749330144,1121.64257945386,597.011606302572,-949.557380037626,38.07826320968689703.2441846944,38.6459579467773,909.169738769531
387.967850877903,17922.3686932055,1112.57029532474,604.23467637795,-934.191157045177,36.91048554909549547.51597602659,38.6459503173828,908.968078613281
388.187850872986,17681.3959021214,1103.09739203257,611.484429394484,-918.101655001861,36.41331076538879389.91052922839,38.6459426879883,908.761352539063
388.487850866281,17444.8023208333,1093.70115960585,618.320824566645,-902.142773861437,36.49423976235279230.47644082028,38.6459312438965,908.5498046875
388.747850860469,17212.3922523102,1084.62450808285,624.564121755016,-886.752491595235,36.88264360283449069.34553249409,38.645923614502,908.333557128906
389.007850854658,16983.9116996601,1075.8706866333,630.24818980903,-871.943205489465,37.29112881592068906.66191274456,38.6459159851074,908.112731933594
389.267850848846,16759.1562003195,1067.37989603695,635.51546872183,-857.566284014894,37.51070847041028742.54974562416,38.6459083557129,907.887268066406
389.527850843035,16538.059346525,1059.12739314331,640.655582298027,-843.392707922546,37.5867966517748577.08362859331,38.6459007263184,907.657470703125
389.787850837223,16320.614312348,1051.2379440534,645.34378987657,-829.83890477933,37.70087539786918410.31041950425,38.6458930969238,907.423278808594
390.047850831412,16106.3709660228,1044.19271964048,648.423618267105,-818.465177648741,37.69279741161678242.51942651686,38.6458854675293,907.184509277344
390.3078508256,15894.9173587523,1037.48413422956,650.625575912155,-808.121085448856,37.67372925642628074.05709723996,38.6458778381348,906.940856933594
390.567850819789,15686.2343276907,1030.79679673702,652.451593559889,-798.028166310231,37.99812963049367905.07630757523,38.6458702087402,906.692138671875
390.827850813977,15480.2742614755,1024.24198626391,653.760859978688,-788.459500789841,38.79625941445927735.69524298508,38.6458625793457,906.438293457031
391.087850808166,15276.7997092744,1017.9802534308,654.185593515101,-779.951925193039,39.98144297070627566.08449035828,38.6458549499512,906.179321289063
391.347850802355,15075.4164374368,1012.03793074754,653.451099907827,-772.80167785856,41.36330760168697396.51807338895,38.6458473205566,905.914794921875
367.37541236449,40724.5477707237,1181.05576875496,437.512032848737,-1097.03051462661,68.117425813290219270.0761957674,38.6659622192383,913.943664550781
367.615412359126,40461.0043942397,1183.02031405539,437.411193241372,-1099.18538540815,68.135613626590819165.7588846789,38.6659545898438,913.937377929688
367.855412353761,40196.9428840559,1184.93788318207,437.280679941651,-1101.30077360809,68.120375827590719061.4635699631,38.6659507751465,913.930847167969
368.095412348397,39932.3694063127,1186.83246916898,437.13760425083,-1103.39567917569,68.059667283250118957.1953627437,38.665943145752,913.924011230469
368.335412343033,39667.2865559263,1188.71753042535,436.990276105955,-1105.48128239667,67.950579503259818852.9562616646,38.6659393310547,913.9169921875
368.575412337668,39401.6959901582,1190.59314528866,436.838588693899,-1107.55771183098,67.790760536829518748.7461977642,38.6659317016602,913.90966796875
368.815412332304,39135.5993281109,1192.45919726775,436.682502102989,-1109.62485980872,67.577376474970218644.5666385386,38.6659278869629,913.902038574219
369.055412326939,38868.9968408057,1194.31829937397,436.517911138831,-1111.68714730113,67.301945422187818540.4172717116,38.6659202575684,913.89404296875
369.295412321575,38601.8882452305,1196.17363530354,436.355085397432,-1113.74395856636,66.959277182990618436.3022128191,38.6659126281738,913.885803222656
369.535412316211,38334.2745857835,1198.02195973753,436.190331299235,-1115.7932653025,66.549041597570418332.2170680118,38.6659088134766,913.877197265625
369.775412310846,38066.1562510794,1199.86291963971,436.023986660169,-1117.83456243905,66.063962616855818228.1665004711,38.665901184082,913.868103027344
370.015412305482,37797.5323215779,1201.69611163351,435.857416170528,-1119.86689275299,65.494664558467218124.1469228999,38.6658973693848,913.858825683594
370.255412300117,37528.4024693863,1203.52112767303,435.69290629132,-1121.88894110013,64.830496832118718020.1606381525,38.6658897399902,913.848999023438
370.495412294753,37258.7659269162,1205.33700558081,435.533504786608,-1123.89851109021,64.059334648950717916.2038757829,38.6658821105957,913.838806152344
370.735412289388,36988.6221174514,1207.14240517283,435.385104648231,-1125.89191178234,63.169224798022617812.2761843374,38.6658782958984,913.828125
370.975412284024,36717.9715261804,1208.93542293325,435.257196981992,-1127.86347990268,62.150283951543117708.3736665104,38.6658706665039,913.817077636719
371.21541227866,36446.8163389703,1210.71222748843,435.162639788222,-1129.80421964274,60.995089572423417604.4903196533,38.6658668518066,913.805419921875
371.455412273295,36175.1617311118,1212.4666342587,435.116853012697,-1131.70166714331,59.7004694369717500.617395229,38.6658592224121,913.793395996094
371.695412267931,35903.0164585197,1214.1915871727,435.12899832748,-1133.54486685596,58.267571369382817396.7390000363,38.6658554077148,913.78076171875
371.935412262566,35630.3924670145,1215.8866145399,435.237722757813,-1135.31862668852,56.704602760254417292.8449153655,38.6658477783203,913.766479492188
372.195412256755,35334.5804819809,1217.6067888662,435.670368071378,-1136.99499676894,55.004849922386717180.2210888165,38.6658401489258,913.751586914063
372.455412250943,35038.4014898296,1219.09642279117,436.184456136376,-1138.39325730928,53.515754965993817067.472299305,38.6658325195313,913.736022949219
372.715412245132,34741.9696773821,1220.33441939026,436.677653149472,-1139.53004453083,52.351575365459616954.6053154372,38.665828704834,913.719787597656
372.975412239321,34445.3513659826,1221.46301581431,437.230395052307,-1140.52684345639,51.557309610665616841.6125441311,38.6658210754395,913.702697753906
373.235412233509,34148.5947920401,1222.55346848518,437.883807570354,-1141.44415298026,51.175403994808916728.4750736605,38.6658134460449,913.684936523438
373.495412227698,33851.6880635219,1223.82571507769,438.686738503973,-1142.49872050088,51.189304518567116615.1587919027,38.6658058166504,913.666381835938
373.755412221886,33554.5611989899,1225.12355566776,439.445763596911,-1143.59745868411,51.43521780375116501.6439071991,38.6658020019531,913.646850585938
374.015412216075,33257.1685840599,1226.37747564343,440.159986131381,-1144.66628297263,51.747040077596816387.9449781555,38.6657943725586,913.626403808594
374.275412210263,32959.509785993,1227.60174241546,440.885914983383,-1145.69875968805,52.087293526158416274.060222446,38.6657867431641,913.605041503906
374.535412204452,32661.5913049476,1228.79632920005,441.621363041983,-1146.69568341407,52.446314383878416159.9906547256,38.6657791137695,913.58251953125
374.79541219864,32363.419835493,1229.95949664002,442.364993367501,-1147.65568704988,52.814015043156516045.7318399496,38.6657752990723,913.558959960938
375.055412192829,32065.002468965,1231.08893800931,443.115669990288,-1148.57671763708,53.179751469833415931.2844466539,38.6657676696777,913.534240722656
375.315412187018,31766.3468257841,1232.18169220913,443.872523546186,-1149.45591714346,53.532134361493715816.6438079397,38.6657600402832,913.508239746094
375.575412181206,31467.4614144722,1233.23402938079,444.635319727645,-1150.28935649839,53.859488334289615701.8123652813,38.6657524108887,913.481079101563
375.835412175395,31168.3559937915,1234.24148400658,445.404359555435,-1151.07210778985,54.150196774781615586.7859686572,38.6657485961914,913.452575683594
376.095412169583,30869.0418125875,1235.19885818974,446.180393228443,-1151.79827920159,54.39270975160515471.566837692,38.6657409667969,913.422668457031
376.335412164219,30569.5318420334,1236.0999944805,446.965197149624,-1152.46054548157,54.575485534488515356.1526883655,38.6657333374023,913.391296386719
376.595412158407,30269.8414153224,1236.93764692503,447.761936864724,-1153.04986460932,54.687868386631815240.5417493731,38.6657257080078,913.358459472656
376.875412152149,29969.9888504073,1237.7033742669,448.575317608272,-1153.55529867636,54.720815296949315124.7314276681,38.6657180786133,913.324157714844
377.135412146337,29669.9959769044,1238.3875041908,449.411812287548,-1153.96387877279,54.667827367611315008.7210459301,38.665714263916,913.288146972656
377.395412140526,29369.8890320184,1238.97902410925,450.279727850249,-1154.26045105505,54.525665252111314892.5041140021,38.6657066345215,913.250427246094
377.655412134714,29069.6993529052,1239.46559112856,451.18924830285,-1154.42765637678,54.295078599272614776.0771757611,38.665699005127,913.210876464844
377.915412128903,28769.4638042897,1239.83359172763,452.152448891629,-1154.44597021148,53.980670186239914659.4278051408,38.6656913757324,913.169372558594
378.175412123092,28469.2257282566,1240.0680796121,453.18398018396,-1154.29334320937,53.591465333814114542.5499033253,38.6656837463379,913.125854492188
378.43541211728,28169.0358132795,1240.15334446122,454.300015271226,-1153.94619194437,53.141718868244214425.4255314951,38.6656799316406,913.080322265625
378.695412111469,27868.953421413,1240.07350477442,455.515260320491,-1153.38117934127,52.656059876215114308.0410361991,38.6656723022461,913.032470703125
378.955412105657,27569.047269566,1239.81528760457,456.851636567503,-1152.5747392441,52.168949864310914190.3739864453,38.6656646728516,912.982421875
379.215412099846,27269.3901276151,1239.38260831073,458.33054765998,-1151.52175787729,51.71424767070814072.398624651,38.665657043457,912.930053710938
379.475412094034,26970.0515647167,1238.79290484249,459.97216480104,-1150.23191952594,51.315452137492413954.0865763907,38.6656494140625,912.875061035156
379.735412088223,26671.0938489316,1238.0684277261,461.791555307445,-1148.7218946198,50.981464018908613835.3967097934,38.6656455993652,912.817443847656
379.995412082411,26372.5712815179,1237.22801963465,463.795477680918,-1147.00781490441,50.708101246802413716.2907098877,38.6656379699707,912.757080078125
380.2554120766,26074.5323931864,1236.28242676718,465.982265964865,-1145.10033033774,50.483281850358613596.7228310276,38.6656303405762,912.693969726563
380.515412070788,25777.0231983447,1235.23363043492,468.343846733942,-1143.00313340948,50.292881121108813476.6488308325,38.6656227111816,912.627868652344
380.755412065424,25480.0899562566,1234.07692677261,470.868923406565,-1140.71395106857,50.124712105724313356.0208815247,38.6656150817871,912.55859375
381.035412059166,25183.7812198903,1232.80313001722,473.546940939621,-1138.22530814729,49.970178854771613234.7981369164,38.6656074523926,912.486145019531
381.295412053354,24888.1487588612,1231.40124820968,476.36858785229,-1135.52719148419,49.824322561252213112.9377835653,38.6656036376953,912.410217285156
381.555412047543,24593.2473827973,1229.86089732568,479.324879764897,-1132.61003280436,49.683611399298712990.400134541,38.6655960083008,912.330932617188
381.815412041731,24299.1335977484,1228.1723236934,482.408133727074,-1129.46431957827,49.543145547864312867.1479658734,38.6655883789063,912.247863769531
382.07541203592,24005.8667549435,1226.32525313298,485.613002233764,-1126.0788775806,49.395303887402212743.1475823881,38.6655807495117,912.160949707031
382.335412030108,23713.5078715757,1224.30817048774,488.937587023596,-1122.43954506181,49.230306894725812618.3673157781,38.6655731201172,912.070190429688
382.595412024297,23422.1222727159,1222.10826799736,492.38450399498,-1118.52855079034,49.037749005126512492.7736830473,38.6655654907227,911.975341796875
382.855412018485,23131.7804632559,1219.71176349024,495.96117753662,-1114.3245920166,48.808065318494112366.335925519,38.6655578613281,911.876159667969
383.115412012674,22842.5595336743,1217.10389486548,499.679236842884,-1109.80293348182,48.533761832006612239.0173717957,38.6655502319336,911.772583007813
383.375412006862,22554.5443418371,1214.26852636753,503.552697797182,-1104.93562467139,48.210889049586912110.7748031079,38.6655464172363,911.664367675781
383.635412001051,22267.8288218705,1211.1877189279,507.595459070296,-1099.69202070989,47.840732327141511981.5647688524,38.6655387878418,911.551330566406
383.89541199524,21982.5168861747,1207.84201288408,511.818614506544,-1094.04023414703,47.431151709166811851.3341681419,38.6655311584473,911.433471679688
384.155411989428,21698.7225957476,1204.21211602474,516.227628979129,-1087.95030008699,46.99637480147111720.0252777123,38.6655235290527,911.310668945313
384.415411983617,21416.5686447816,1200.28207797005,520.820087986936,-1081.39886380807,46.555970315018711587.5826368,38.6655158996582,911.1826171875
384.675411977805,21136.183604179,1196.0446016177,525.585915501066,-1074.37522983627,46.133323798127211453.9431015935,38.6655082702637,911.049194335938
384.935411971994,20857.6971175466,1191.50593987763,530.507791989083,-1066.88700779537,45.752760587307711319.0561486435,38.6655006408691,910.910278320313
385.195411966182,20581.2328413427,1186.68114240783,535.548859528238,-1058.96154453519,45.433785696081111182.874214329,38.6654930114746,910.765686035156
385.435411960818,20306.9012817023,1181.5983961277,540.672601937628,-1050.64166452961,45.182495877064111045.35806116,38.6654853820801,910.615234375
385.695411955006,20034.7968387809,1176.28581335075,545.838869294115,-1041.9732450778,44.991267866064510906.4861555611,38.6654777526855,910.458984375
385.955411949195,19764.9990846198,1170.76587378614,551.015537033659,-1032.9930344246,44.839612953160610766.2443073888,38.665470123291,910.296813964844
386.235411942936,19497.5776548181,1165.05037828768,556.182397378131,-1023.72043292834,44.69910994374510624.6277425162,38.6654663085938,910.12841796875
386.495411937125,19232.5996574545,1159.13995058954,561.331315810245,-1014.15609200135,44.541972859664410481.6333808303,38.6654586791992,909.953857421875
386.755411931314,18970.137584609,1153.03343659752,566.473026190344,-1004.2880147202,44.352676279473110337.2605730348,38.6654510498047,909.773071289063
387.015411925502,18710.2738182638,1146.73343602771,571.628518109189,-994.101810977236,44.136142666045310191.5023162646,38.6654434204102,909.585876464844
387.275411919691,18453.1004289547,1140.24672794964,576.804524796908,-983.59500851401,43.920620540435610044.3485658466,38.6654357910156,909.392211914063
387.535411913879,18198.70815791,1133.58633464137,581.97998363254,-972.788402858881,43.73702271955829895.78962418134,38.6654281616211,909.192138671875
387.775411908515,17947.1758567011,1126.77632010383,587.117907150008,-961.726280523998,43.60553640142779745.82562788039,38.6654205322266,908.985656738281
388.055411902256,17698.5650222171,1119.84793564886,592.175184289397,-950.467227256593,43.53356596648649594.46817166813,38.665412902832,908.772827148438
388.315411896445,17452.9199781297,1112.8294673333,597.113475154585,-939.065983386759,43.52467980317379441.74233393564,38.6654052734375,908.553466796875
388.575411890633,17210.2656104844,1105.81368309503,601.726941399208,-927.765374280878,43.59210370573459287.69350317241,38.665397644043,908.327880859375
388.835411884822,16970.3733479893,1099.19908513274,605.212336973068,-917.581961424834,43.52334094994049132.51486448096,38.6653900146484,908.095825195313
389.095411879011,16732.9604398226,1092.77893946385,608.190450427042,-907.893268256288,43.19991885735618976.45226190099,38.6653823852539,907.857116699219
389.355411873199,16498.0814891588,1086.28051124664,611.030271713179,-898.135488756783,42.89159973205558819.57435650216,38.6653747558594,907.61181640625
389.615411867388,16265.7679119501,1079.75801009744,613.457989570876,-888.564378872601,42.73604268215678661.95832909861,38.6653671264648,907.359741210938
389.875411861576,16035.9723065523,1073.20143156408,615.511805582349,-879.151027924066,42.7539703451998503.72038901558,38.6653594970703,907.100952148438
390.115411856212,15808.6699465206,1066.61319012829,617.23181311932,-869.878489347272,42.9682743295988344.94982013648,38.6653518676758,906.83544921875
390.395411849953,15583.7947436664,1060.03435503936,618.544135565303,-860.85770381724,43.33494886614318185.74162001187,38.6653442382813,906.563415527344
390.655411844142,15361.2468955703,1053.49770273701,619.348689432855,-852.21159964528,43.79288335603348026.21860297819,38.6653366088867,906.284606933594
390.91541183833,15140.8883309308,1047.02068599939,619.54069407175,-844.050736211833,44.26678090418717866.5249342502,38.6653289794922,905.999206542969
367.911703637801,40057.871761011,1181.53904681021,435.778561337535,-1098.24021262007,68.212812841798319013.7869013778,38.6169357299805,913.927307128906
368.151703632437,39794.0397192435,1183.4892125929,435.672575724974,-1100.37999031467,68.229452383076718909.8733451493,38.6169281005859,913.92041015625
368.391703627072,39529.6923803585,1185.38892978884,435.533460518559,-1102.47789983956,68.207286776202818805.9839338249,38.6169242858887,913.913269042969
368.631703621708,39264.8367078556,1187.26077743224,435.380362707291,-1104.55062962178,68.131989672764218702.121967317,38.6169166564941,913.905700683594
368.871703616343,38999.4763132473,1189.12186622534,435.223479560117,-1106.61254989035,68.001051757886518598.2917810719,38.6169128417969,913.898010253906
369.111703610979,38733.6125544356,1190.97251993982,435.062418127604,-1108.66416717812,67.811928731860418494.49217957,38.6169052124023,913.889953613281
369.351703605615,38467.2474426487,1192.81247836267,434.897322590884,-1110.70514869653,67.561342654732818390.7247409996,38.6169013977051,913.881469726563
369.59170360025,38200.3822982768,1194.64183155498,434.726146535358,-1112.73639430889,67.244288913271618286.991957397,38.6168937683105,913.872680664063
369.831703594886,37933.0168181779,1196.46808715544,434.554611877892,-1114.76372962034,66.851360877553318183.2915591125,38.616886138916,913.863525390625
370.071703589521,37665.1520645935,1198.28954099712,434.386488417958,-1116.7838657247,66.385386375524218079.6250118096,38.6168823242188,913.854064941406
370.311703584157,37396.7885120427,1200.10267757045,434.218040419599,-1118.79449859477,65.841081188096317975.9909566235,38.6168746948242,913.844116210938
370.551703578793,37127.9258538429,1201.90738910752,434.051366488464,-1120.79471056958,65.208367831314817872.3898115575,38.616870880127,913.833679199219
370.791703573428,36858.5636154413,1203.70276047355,433.889312430517,-1122.78243668585,64.475973532229317768.8198578224,38.6168632507324,913.822814941406
371.031703568064,36588.7015057085,1205.48724244935,433.736828735814,-1124.75413095766,63.632135291688317665.2788469191,38.6168556213379,913.8115234375
371.271703562699,36318.3399168411,1207.25918615889,433.602902705223,-1126.70460429104,62.665858229089617561.7651323539,38.6168518066406,913.7998046875
371.511703557335,36047.480682292,1209.01560121847,433.499552472522,-1128.6260948586,61.567718840948117458.2723178293,38.6168441772461,913.787475585938
371.75170355197,35776.1281435769,1210.75148046521,433.442625627097,-1130.50724798127,60.33249810710317354.7910029808,38.6168403625488,913.774658203125
371.991703546606,35504.2900860282,1212.47628036904,433.462820241217,-1132.34655204406,58.963156443560217251.3071187807,38.6168327331543,913.760192871094
372.251703540795,35209.2802305864,1214.31452645771,433.630716416318,-1134.25048862519,57.408401080842517139.1717025234,38.6168251037598,913.745056152344
372.511703534983,34913.8175533572,1215.9309269088,433.995687260458,-1135.84143367488,55.958867004891317026.9684887344,38.6168174743652,913.729187011719
372.771703529172,34618.046197868,1217.26662043568,434.440488853407,-1137.10135294604,54.776388902617316914.6625275893,38.616813659668,913.712707519531
373.03170352336,34322.0327136042,1218.5081748412,434.939337112089,-1138.23984519403,53.902620388368816802.2430493247,38.6168060302734,913.695373535156
373.291703517549,34025.8188387528,1219.73011987833,435.539134806389,-1139.31875583197,53.375307105708516689.6904282221,38.6167984008789,913.677307128906
373.551703511737,33729.391781331,1221.1280429735,436.285945420496,-1140.52982037509,53.185670078353916576.9699355777,38.6167907714844,913.658386230469
373.811703505926,33432.6930826735,1222.52996843774,436.999512044386,-1141.75783343113,53.182882714349216464.0613667073,38.6167869567871,913.638610839844
374.051703500561,33135.6917645447,1223.86644103156,437.689042188148,-1142.92491784529,53.217574016449216350.9751113567,38.6167793273926,913.617797851563
374.331703494303,32838.398535491,1225.15808768655,438.412047321588,-1144.03112570728,53.265987813581516237.7061599509,38.616771697998,913.596008300781
374.591703488491,32540.8287331024,1226.40493013014,439.16714680649,-1145.07697113048,53.327067473348516124.2444364631,38.6167640686035,913.573120117188
374.85170348268,32242.997759589,1227.6048560804,439.953470196317,-1146.06048127243,53.398894831448616010.5849729872,38.6167602539063,913.549072265625
375.111703476869,31944.9214341762,1228.75552329894,440.770021393758,-1146.97947857763,53.478818272140715896.7183980659,38.6167526245117,913.52392578125
375.371703471057,31646.6159577752,1229.85428350842,441.615619343067,-1147.83152222626,53.563489607349115782.6390033741,38.6167449951172,913.49755859375
375.631703465246,31348.0981022632,1230.89807262786,442.489085115399,-1148.61371868558,53.648887408219315668.3374665342,38.6167373657227,913.469848632813
375.891703459434,31049.3852896634,1231.88335831678,443.389100685822,-1149.32271964442,53.730413586668615553.8088756942,38.6167335510254,913.44091796875
376.151703453623,30750.4958229819,1232.80598718107,444.314334908364,-1149.95450945872,53.803022316602315439.0490136056,38.6167259216309,913.410461425781
376.411703447811,30451.449003268,1233.66113851491,445.263502407974,-1150.50433206715,53.861393437293315324.0510300975,38.6167182922363,913.378662109375
376.671703442,30152.2654383741,1234.44446167928,446.234616381372,-1150.96819943629,53.899852766750615208.8090635202,38.6167106628418,913.345275878906
376.931703436188,29852.9636255642,1235.1573138931,447.217765465433,-1151.35131924001,53.906961322170715093.3212725098,38.6167030334473,913.310363769531
377.191703430377,29553.56396042,1235.78303719987,448.211957706928,-1151.6361213506,53.871544672519314977.5860931787,38.61669921875,913.273803710938
377.451703424565,29254.0929243201,1236.31088629007,449.228435246668,-1151.80658989484,53.788648730015414861.6017258341,38.6166915893555,913.235412597656
377.711703418754,28954.5810776409,1236.74048554954,450.289856546767,-1151.85332125597,53.656674801648314745.359683818,38.6166839599609,913.195190429688
377.971703412943,28655.0607025996,1237.0774883854,451.425664857231,-1151.77062880512,53.473262575049214628.8485534018,38.6166763305664,913.153015136719
378.231703407131,28355.5647172928,1237.32746720943,452.667052774197,-1151.55190957404,53.23348710318814512.0467490608,38.6166687011719,913.10888671875
378.49170340132,28056.1283126539,1237.4901802545,454.042207708769,-1151.18531081892,52.931903975330114394.9261048148,38.6166648864746,913.062622070313
378.751703395508,27756.7914363323,1237.55696760576,455.572951397887,-1150.65222114424,52.566764321861514277.4482449917,38.6166572570801,913.014099121094
379.011703389697,27457.6014708839,1237.51193586746,457.273497370438,-1149.92901520791,52.143947533981914159.5738518996,38.6166496276855,912.963256835938
379.271703383885,27158.6147146383,1237.3359809989,459.151989476032,-1148.99076603544,51.678514672973414041.258323715,38.616641998291,912.909973144531
379.531703378074,26859.8958636066,1237.01090309729,461.212351381863,-1147.81494210277,51.193484737142613922.4515186899,38.6166343688965,912.854187011719
379.791703372262,26561.5163075207,1236.52219105811,463.455402056907,-1146.3839755001,50.716176344389113803.1063050797,38.6166305541992,912.795654296875
380.051703366451,26263.5514124781,1235.86041125482,465.878550797838,-1144.68691440648,50.273550835158313683.1741371643,38.6166229248047,912.734436035156
380.31170336064,25966.0773137249,1235.0214092695,468.474902116883,-1142.72006521309,49.88773413845613562.6080839316,38.6166152954102,912.670288085938
380.571703354828,25669.1682217782,1234.00572872478,471.232356992826,-1140.48682774005,49.573163216258313441.3644515551,38.6166076660156,912.603088378906
380.831703349017,25372.8940121112,1232.81783030895,474.133697439032,-1137.99694185901,49.334766796130913319.4015684806,38.6166000366211,912.532836914063
381.091703343205,25077.3185963072,1231.46414377021,477.158916472931,-1135.26354025048,49.167465546235213196.6857790329,38.6165924072266,912.459289550781
381.351703337394,24782.499907759,1229.9511162578,480.289006242532,-1132.29952700969,49.057492990606913073.1846385877,38.616584777832,912.38232421875
381.611703331582,24488.4911428411,1228.28344513232,483.509418308739,-1129.11419439881,48.984689687106812948.8757209833,38.6165809631348,912.301879882813
381.871703325771,24195.3425166104,1226.46253984629,486.812409320876,-1125.71046001067,48.925067061506712823.7344942123,38.6165733337402,912.217651367188
382.131703319959,23903.1043586321,1224.4852165383,490.197605108992,-1122.08304214361,48.853484628240812697.7387760474,38.6165657043457,912.129638671875
382.391703314148,23611.8298634142,1222.34318947678,493.672238064075,-1118.21759699312,48.74646754248212570.8647143561,38.6165580749512,912.037719726563
382.651703308336,23321.57846573,1220.02287521689,497.249423441655,-1114.09103171125,48.585549920381812443.0851283759,38.6165504455566,911.941650390625
382.911703302525,23032.4182793302,1217.50515258777,500.945418269945,-1109.67224192197,48.358189178989212314.367559384,38.6165428161621,911.841186523438
383.171703296714,22744.4283633921,1214.76747514309,504.779817440389,-1104.92413973555,48.059455215449612184.6763544561,38.6165351867676,911.736328125
383.431703290902,22457.7002542634,1211.78505246502,508.77240365649,-1099.80618958762,47.693084529202512053.9683041096,38.616527557373,911.626892089844
383.691703285091,22172.3382169092,1208.53418107483,512.943271078837,-1094.27787489338,47.270014560542111922.1985913451,38.6165237426758,911.512634277344
383.951703279279,21888.4595049601,1204.99474881082,517.308559512775,-1088.30335794597,46.811292626062811789.3135609649,38.6165161132813,911.3935546875
384.211703273468,21606.1911710771,1201.15417268069,521.876391294483,-1081.85783666694,46.34310660578411655.2598280162,38.6165084838867,911.269409179688
384.471703267656,21325.66600879,1197.01129617519,526.644771238829,-1074.93317378236,45.895728975552711519.9803700862,38.6165008544922,911.140197753906
384.711703262292,21047.0158677017,1192.57581926452,531.592147659956,-1067.54244563892,45.496914350996211383.4264889343,38.6164932250977,911.005554199219
384.991703256033,20770.3632798502,1187.86621189094,536.676599686002,-1059.71900270855,45.163577494692311245.5545426497,38.6164855957031,910.865417480469
385.251703250222,20495.8140312899,1182.90746449259,541.855343910825,-1051.50504317743,44.890523689001811106.3293336834,38.6164779663086,910.719665527344
385.491703244857,20223.4587630676,1177.7212744426,547.092343866895,-1042.9368952899,44.657436653843710965.7305693721,38.6164703369141,910.568237304688
385.771703238599,19953.3781544855,1172.32056023902,552.365740993889,-1034.03461457314,44.43609087926110823.7443164988,38.6164627075195,910.411010742188
